,Close,Day,Symbol
2020-10-16 00:00:00,53.650001525878906,2020-10-16 00:00:00,BIG
2020-10-16 00:00:00,46.86000061035156,2020-10-16 00:00:00,BIP
2020-10-16 00:00:00,1.0,2020-10-16 00:00:00,$
2020-10-16 00:00:00,552.4600219726562,2020-10-16 00:00:00,NVDA
2020-10-16 00:00:00,17.75,2020-10-16 00:00:00,RDN
2020-10-16 00:00:00,186.35000610351562,2020-10-16 00:00:00,SQ
2020-10-16 00:00:00,204.4499969482422,2020-10-16 00:00:00,PYPL
2020-10-16 00:00:00,4.840000152587891,2020-10-16 00:00:00,AVXL
2020-10-16 00:00:00,147.58999633789062,2020-10-16 00:00:00,ETSY
2020-10-16 00:00:00,173.3800048828125,2020-10-16 00:00:00,FVRR
2020-10-16 00:00:00,70.91000366210938,2020-10-16 00:00:00,PENN
2020-10-16 00:00:00,37.25,2020-10-16 00:00:00,POR
2020-10-16 00:00:00,77.01000213623047,2020-10-16 00:00:00,OSTK
2020-10-16 00:00:00,21.239999771118164,2020-10-16 00:00:00,MGM
2020-10-16 00:00:00,31.75,2020-10-16 00:00:00,PETS
2020-10-16 00:00:00,44.060001373291016,2020-10-16 00:00:00,PINS
2020-10-16 00:00:00,221.33999633789062,2020-10-16 00:00:00,CVNA
2020-10-16 00:00:00,174.44000244140625,2020-10-16 00:00:00,UPS
2020-10-16 00:00:00,32.15999984741211,2020-10-16 00:00:00,KHC
2020-10-16 00:00:00,164.9199981689453,2020-10-16 00:00:00,TGT
2020-10-16 00:00:00,97.87000274658203,2020-10-16 00:00:00,ZG
2020-10-16 00:00:00,559.0,2020-10-16 00:00:00,ZM
2020-10-16 00:00:00,131.3300018310547,2020-10-16 00:00:00,PTON
2020-10-16 00:00:00,599.739990234375,2020-10-16 00:00:00,REGN
2020-10-16 00:00:00,439.6700134277344,2020-10-16 00:00:00,TSLA
2020-10-16 00:00:00,3272.7099609375,2020-10-16 00:00:00,AMZN
2020-10-16 00:00:00,946.8400268554688,2020-10-16 00:00:00,SAM
2020-10-16 00:00:00,75.81999969482422,2020-10-16 00:00:00,VFC
2020-10-16 00:00:00,119.0199966430664,2020-10-16 00:00:00,AAPL
2020-10-16 00:00:00,118.30999755859375,2020-10-16 00:00:00,ARKW
2020-10-16 00:00:00,102.76000213623047,2020-10-16 00:00:00,ARKK
2020-10-16 00:00:00,42.63999938964844,2020-10-16 00:00:00,ARKF
2020-10-16 00:00:00,57.900001525878906,2020-10-16 00:00:00,STNE
2020-10-16 00:00:00,37.95000076293945,2020-10-16 00:00:00,PFE
2020-10-16 00:00:00,1.0,2020-10-16 00:00:00,AMZN 
2020-10-16 00:00:00,141.9199981689453,2020-10-16 00:00:00,LVGO
2020-10-16 00:00:00,73.68000030517578,2020-10-16 00:00:00,ARKG
2020-10-16 00:00:00,11.300000190734863,2020-10-16 00:00:00,UA
2020-10-16 00:00:00,17.790000915527344,2020-10-16 00:00:00,DOC
2020-10-16 00:00:00,348.45001220703125,2020-10-16 00:00:00,IVV
2020-10-16 00:00:00,214.99000549316406,2020-10-16 00:00:00,CLX
2020-10-16 00:00:00,112.36000061035156,2020-10-16 00:00:00,DDOG
2020-10-16 00:00:00,20.31999969482422,2020-10-16 00:00:00,DBX
2020-10-16 00:00:00,234.60000610351562,2020-10-16 00:00:00,DOCU
2020-10-16 00:00:00,221.7100067138672,2020-10-16 00:00:00,DG
2020-10-16 00:00:00,280.010009765625,2020-10-16 00:00:00,BIIB
2020-10-16 00:00:00,49.84000015258789,2020-10-16 00:00:00,KL
2020-10-16 00:00:00,44.34000015258789,2020-10-16 00:00:00,DKNG
2020-10-16 00:00:00,2.069999933242798,2020-10-16 00:00:00,ETTX
2020-10-16 00:00:00,55.869998931884766,2020-10-16 00:00:00,REGI
2020-10-16 00:00:00,258.54998779296875,2020-10-16 00:00:00,CRM
2020-10-16 00:00:00,68.8499984741211,2020-10-16 00:00:00,NTDOY
2020-10-16 00:00:00,45.810001373291016,2020-10-16 00:00:00,TWTR
2020-10-16 00:00:00,530.7899780273438,2020-10-16 00:00:00,NFLX
2020-10-16 00:00:00,145.33999633789062,2020-10-16 00:00:00,CRWD
2020-10-16 00:00:00,153.14999389648438,2020-10-16 00:00:00,SWKS
2020-10-16 00:00:00,28.479999542236328,2020-10-16 00:00:00,NIO
2020-10-16 00:00:00,49.380001068115234,2020-10-16 00:00:00,ARWR
2020-10-16 00:00:00,5.260000228881836,2020-10-16 00:00:00,GMBL
2020-10-16 00:00:00,305.6000061035156,2020-10-16 00:00:00,NEE
2020-10-16 00:00:00,88.5199966430664,2020-10-16 00:00:00,SBUX
2020-10-16 00:00:00,95.55999755859375,2020-10-16 00:00:00,DLTR
2020-10-16 00:00:00,32.880001068115234,2020-10-16 00:00:00,PAAS
2020-10-16 00:00:00,211.91000366210938,2020-10-16 00:00:00,BRK-B
2020-10-16 00:00:00,55.779998779296875,2020-10-16 00:00:00,BX
2020-10-16 00:00:00,136.9600067138672,2020-10-16 00:00:00,RXL
2020-10-16 00:00:00,62.56999969482422,2020-10-16 00:00:00,ROM
2020-10-16 00:00:00,9.0,2020-10-16 00:00:00,NEW
2020-10-16 00:00:00,144.7100067138672,2020-10-16 00:00:00,WMT
2020-10-16 00:00:00,84.33999633789062,2020-10-16 00:00:00,GRUB
2020-10-16 00:00:00,6.079999923706055,2020-10-16 00:00:00,VXRT
2020-10-16 00:00:00,70.1500015258789,2020-10-16 00:00:00,DELL
2020-10-16 00:00:00,167.35000610351562,2020-10-16 00:00:00,BA
2020-10-16 00:00:00,177.6999969482422,2020-10-16 00:00:00,LOW
2020-10-16 00:00:00,33.720001220703125,2020-10-16 00:00:00,UBER
2020-10-16 00:00:00,42.16999816894531,2020-10-16 00:00:00,HDS
2020-10-16 00:00:00,219.66000366210938,2020-10-16 00:00:00,MSFT
2020-10-16 00:00:00,23.229999542236328,2020-10-16 00:00:00,EXEL
2020-10-16 00:00:00,54.27000045776367,2020-10-16 00:00:00,BGSAX
2020-10-16 00:00:00,100.52999877929688,2020-10-16 00:00:00,TWCIX
2020-10-16 00:00:00,160.9199981689453,2020-10-16 00:00:00,TRBCX
2020-10-16 00:00:00,1567.699951171875,2020-10-16 00:00:00,GOOGL
2020-10-16 00:00:00,80.62000274658203,2020-10-16 00:00:00,ATVI
2020-10-16 00:00:00,0.6800000071525574,2020-10-16 00:00:00,BKRRF
2020-10-16 00:00:00,633.9199829101562,2020-10-16 00:00:00,CHTR
2020-10-16 00:00:00,1.0,2020-10-16 00:00:00,BLFE
2020-10-16 00:00:00,129.02999877929688,2020-10-16 00:00:00,QCOM
2020-10-16 00:00:00,177.5500030517578,2020-10-16 00:00:00,VTI
2020-10-16 00:00:00,53.349998474121094,2020-10-16 00:00:00,VXUS
2020-10-16 00:00:00,14.9399995803833,2020-10-16 00:00:00,AMZA
2020-10-16 00:00:00,27.329999923706055,2020-10-16 00:00:00,T
2020-10-16 00:00:00,58.04999923706055,2020-10-16 00:00:00,VZ
2020-10-16 00:00:00,97.11000061035156,2020-10-16 00:00:00,Z
2020-10-16 00:00:00,35.599998474121094,2020-10-16 00:00:00,TWOU
2020-10-16 00:00:00,46.45000076293945,2020-10-16 00:00:00,EGRX
2020-10-16 00:00:00,221.2899932861328,2020-10-16 00:00:00,TDOC
2020-10-16 00:00:00,1271.3800048828125,2020-10-16 00:00:00,MELI
2020-10-16 00:00:00,326.30999755859375,2020-10-16 00:00:00,ILMN
2020-10-16 00:00:00,47.029998779296875,2020-10-16 00:00:00,NVTA
2020-10-16 00:00:00,145.88999938964844,2020-10-16 00:00:00,PRLB
2020-10-16 00:00:00,6.769999980926514,2020-10-16 00:00:00,DDD
2020-10-16 00:00:00,200.25999450683594,2020-10-16 00:00:00,V
2020-10-16 00:00:00,126.80999755859375,2020-10-16 00:00:00,DIS
2020-10-16 00:00:00,242.52000427246094,2020-10-16 00:00:00,SNOW
2020-10-16 00:00:00,9.40999984741211,2020-10-16 00:00:00,TEVA
2020-10-16 00:00:00,15.880000114440918,2020-10-16 00:00:00,GTBIF
2020-10-16 00:00:00,53.029998779296875,2020-10-16 00:00:00,AZN
2020-10-16 00:00:00,381.5400085449219,2020-10-16 00:00:00,COST
2020-10-16 00:00:00,59.59000015258789,2020-10-16 00:00:00,CVS
2020-10-16 00:00:00,229.3699951171875,2020-10-16 00:00:00,MCD
2020-10-16 00:00:00,9.279999732971191,2020-10-16 00:00:00,PBFS
2020-10-16 00:00:00,37.209999084472656,2020-10-16 00:00:00,AFL
2020-10-16 00:00:00,262.54998779296875,2020-10-16 00:00:00,SPOT
2020-10-16 00:00:00,103.31999969482422,2020-10-16 00:00:00,EXAS
2020-10-16 00:00:00,50.029998779296875,2020-10-16 00:00:00,KO
2020-10-16 00:00:00,18.93000030517578,2020-10-16 00:00:00,GLDM
2020-10-16 00:00:00,22.420000076293945,2020-10-16 00:00:00,SLV
2020-10-16 00:00:00,556.5700073242188,2020-10-16 00:00:00,BIO
2020-10-16 00:00:00,20.790000915527344,2020-10-16 00:00:00,KTOS
2020-10-16 00:00:00,287.6600036621094,2020-10-16 00:00:00,HD
2020-10-16 00:00:00,181.47999572753906,2020-10-16 00:00:00,STZ
2020-10-16 00:00:00,110.12999725341797,2020-10-16 00:00:00,MDT
2020-10-16 00:00:00,119.44000244140625,2020-10-16 00:00:00,MAA
2020-10-16 00:00:00,174.86000061035156,2020-10-16 00:00:00,HON
2020-10-16 00:00:00,24.040000915527344,2020-10-16 00:00:00,URBN
2020-10-16 00:00:00,32.59000015258789,2020-10-16 00:00:00,SFIX
2020-10-16 00:00:00,176.3800048828125,2020-10-16 00:00:00,SWK
2020-10-16 00:00:00,193.69000244140625,2020-10-16 00:00:00,HELE
2020-10-16 00:00:00,10.40999984741211,2020-10-16 00:00:00,MIK
2020-10-16 00:00:00,39.290000915527344,2020-10-16 00:00:00,SCHW
2020-10-16 00:00:00,23.040000915527344,2020-10-16 00:00:00,BXMT
2020-10-16 00:00:00,169.4199981689453,2020-10-16 00:00:00,VDC
2020-10-16 00:00:00,169.4199981689453,2020-10-16 00:00:00,IHE
2020-10-16 00:00:00,60.779998779296875,2020-10-16 00:00:00,XLC
2020-10-16 00:00:00,273.1000061035156,2020-10-16 00:00:00,IXN
2020-10-16 00:00:00,8.699999809265137,2020-10-16 00:00:00,QID
2020-10-16 00:00:00,25.290000915527344,2020-10-16 00:00:00,UUP
2020-10-16 00:00:00,18.030000686645508,2020-10-16 00:00:00,DUST
2020-10-16 00:00:00,0.8899999856948853,2020-10-16 00:00:00,CLKA
2020-10-16 00:00:00,168.22000122070312,2020-10-16 00:00:00,TTWO
2020-10-16 00:00:00,45.560001373291016,2020-10-16 00:00:00,CMCSA
2020-10-16 00:00:00,83.16999816894531,2020-10-16 00:00:00,AMD
2020-10-16 00:00:00,19.139999389648438,2020-10-16 00:00:00,MOS
2020-10-16 00:00:00,6.880000114440918,2020-10-16 00:00:00,FTI
2020-10-16 00:00:00,93.41999816894531,2020-10-16 00:00:00,ALB
2020-10-16 00:00:00,39.5099983215332,2020-10-16 00:00:00,PKB
2020-10-16 00:00:00,104.62000274658203,2020-10-16 00:00:00,VOX
2020-10-16 00:00:00,7.679999828338623,2020-10-16 00:00:00,QRTEB
2020-10-16 00:00:00,45.560001373291016,2020-10-16 00:00:00,EEM
2020-10-16 00:00:00,120.62000274658203,2020-10-16 00:00:00,XBI
2020-10-16 00:00:00,46.540000915527344,2020-10-16 00:00:00,IP
2020-10-16 00:00:00,121.12000274658203,2020-10-16 00:00:00,XLK
2020-10-16 00:00:00,107.04000091552734,2020-10-16 00:00:00,NVAX
2020-10-16 00:00:00,265.92999267578125,2020-10-16 00:00:00,FB
2020-10-16 00:00:00,307.30999755859375,2020-10-16 00:00:00,BABA
2020-10-16 00:00:00,80.18000030517578,2020-10-16 00:00:00,FROG
2020-10-16 00:00:00,86.69999694824219,2020-10-16 00:00:00,TSM
2020-10-16 00:00:00,114.95999908447266,2020-10-16 00:00:00,TMUS
2020-10-16 00:00:00,39.68000030517578,2020-10-16 00:00:00,LUV
2020-10-16 00:00:00,17.489999771118164,2020-10-16 00:00:00,JETS
2020-10-16 00:00:00,16.200000762939453,2020-10-16 00:00:00,NCLH
2020-10-16 00:00:00,54.15999984741211,2020-10-16 00:00:00,INTC
2020-10-16 00:00:00,339.3999938964844,2020-10-16 00:00:00,MA
2020-10-16 00:00:00,1067.2099609375,2020-10-16 00:00:00,SHOP
2020-10-16 00:00:00,33.45000076293945,2020-10-16 00:00:00,GM
2020-10-16 00:00:00,467.010009765625,2020-10-16 00:00:00,ORLY
2020-10-16 00:00:00,21.899999618530273,2020-10-16 00:00:00,EWH
2020-10-16 00:00:00,60.290000915527344,2020-10-16 00:00:00,ORCL
2020-10-16 00:00:00,124.0199966430664,2020-10-16 00:00:00,PKI
2020-10-16 00:00:00,350.57000732421875,2020-10-16 00:00:00,EPAM
2020-10-16 00:00:00,31.889999389648438,2020-10-16 00:00:00,CWH
