,Name,Symbol,% of Portfolio,Cost Basis,Close,Day,# of Shares
0,Trudy Seeber,BIG,0.2,50853.2974,53.650001525878906,2020-10-16 00:00:00,947.8713132090057
1,Trudy Seeber,BIP,0.175,44496.63522,46.86000061035156,2020-10-16 00:00:00,949.5653999238427
2,Trudy Seeber,MRK,0.175,44496.63522,79.83000183105469,2020-10-16 00:00:00,557.3923863132163
3,Trudy Seeber,$,0.45,114419.9191,1.0,2020-10-16,114419.9191
4,Melissa Stamper,NVDA,0.39,83369.76959,552.4600219726562,2020-10-16 00:00:00,150.9064299210529
5,Melissa Stamper,RDN,0.3,64130.59199,17.75,2020-10-16 00:00:00,3612.991098028169
6,Melissa Stamper,SQ,0.11,23514.5504,186.35000610351562,2020-10-16 00:00:00,126.18486519897345
7,Melissa Stamper,PYPL,0.2,42753.72799,204.4499969482422,2020-10-16 00:00:00,209.11581622974236
8,Michael Brandt,AVXL,0.75,157172.6448,4.840000152587891,2020-10-16 00:00:00,32473.68591836958
9,Michael Brandt,ETSY,0.15,31434.528960000003,147.58999633789062,2020-10-16 00:00:00,212.9854986108557
10,Michael Brandt,FVRR,0.1,20956.35264,173.3800048828125,2020-10-16 00:00:00,120.86948927106326
11,Maggie Mahota,PENN,0.02,4236.223516,70.91000366210938,2020-10-16 00:00:00,59.74084469359036
12,Maggie Mahota,POR,0.05,10590.558790000001,37.25,2020-10-16 00:00:00,284.31030308724837
13,Maggie Mahota,OSTK,0.08,16944.89406,77.01000213623047,2020-10-16 00:00:00,220.0349771452354
14,Maggie Mahota,MGM,0.02,4236.223516,21.239999771118164,2020-10-16 00:00:00,199.44555374997478
15,Maggie Mahota,PETS,0.08,16944.89406,31.75,2020-10-16 00:00:00,533.6974507086613
16,Maggie Mahota,PINS,0.02,4236.223516,44.060001373291016,2020-10-16 00:00:00,96.14669505135288
17,Maggie Mahota,CVNA,0.05,10590.558790000001,221.33999633789062,2020-10-16 00:00:00,47.84746979860246
18,Maggie Mahota,UPS,0.25,52952.79395,174.44000244140625,2020-10-16 00:00:00,303.5587778542175
19,Maggie Mahota,KHC,0.1,21181.117580000002,32.15999984741211,2020-10-16 00:00:00,658.6168432990347
20,Maggie Mahota,TGT,0.08,16944.89406,164.9199981689453,2020-10-16 00:00:00,102.74614508933912
21,Maggie Mahota,ZG,0.25,52952.79395,97.87000274658203,2020-10-16 00:00:00,541.0523394702705
22,David Hunn,ZM,0.38,67662.37556,559.0,2020-10-16 00:00:00,121.04181674418605
23,David Hunn,PTON,0.38,67662.37556,131.3300018310547,2020-10-16 00:00:00,515.2088221779065
24,David Hunn,REGN,0.24,42734.13193,599.739990234375,2020-10-16 00:00:00,71.2544312966353
25,Amy Acerra,TSLA,0.7,142502.6443,439.6700134277344,2020-10-16 00:00:00,324.11272078581777
26,Amy Acerra,AMZN,0.1,20357.52062,3272.7099609375,2020-10-16 00:00:00,6.220386426840094
27,Amy Acerra,SAM,0.1,20357.52062,946.8400268554688,2020-10-16 00:00:00,21.50048587152462
28,Amy Acerra,VFC,0.1,20357.52062,75.81999969482422,2020-10-16 00:00:00,268.4980308881442
29,Kwun Chan,AAPL,0.4,87940.26795,119.0199966430664,2020-10-16 00:00:00,738.8696893827632
30,Kwun Chan,TSLA,0.05,10992.53349,439.6700134277344,2020-10-16 00:00:00,25.001781232021113
31,Kwun Chan,ARKW,0.08,17588.05359,118.30999755859375,2020-10-16 00:00:00,148.66075524419995
32,Kwun Chan,ARKK,0.1,21985.06699,102.76000213623047,2020-10-16 00:00:00,213.9457622904101
33,Kwun Chan,ARKF,0.02,4397.013397,42.63999938964844,2020-10-16 00:00:00,103.11945262521385
34,Kwun Chan,STNE,0.05,10992.53349,57.900001525878906,2020-10-16 00:00:00,189.85376857178133
35,Kwun Chan,PFE,0.05,10992.53349,37.95000076293945,2020-10-16 00:00:00,289.65832065897865
36,Kwun Chan,NVDA,0.05,10992.53349,552.4600219726562,2020-10-16 00:00:00,19.897427963654664
37,Kwun Chan,ARKQ,0.05,10992.53349,62.779998779296875,2020-10-16 00:00:00,175.09610869290168
38,Kwun Chan,AMZN ,0.05,10992.53349,,,
39,Kwun Chan,LVGO,0.05,10992.53349,141.9199981689453,2020-10-16 00:00:00,77.45584577103924
40,Kwun Chan,ARKG,0.05,10992.53349,73.68000030517578,2020-10-16 00:00:00,149.19290776967884
41,Melissa Lomaestro,AAPL,0.15,31865.48765,119.0199966430664,2020-10-16 00:00:00,267.73221768408064
42,Melissa Lomaestro,UA,0.05,10621.82922,11.300000190734863,2020-10-16 00:00:00,939.9848708594791
43,Melissa Lomaestro,DOC,0.05,10621.82922,17.790000915527344,2020-10-16 00:00:00,597.0673790538779
44,Melissa Lomaestro,AMZN,0.05,10621.82922,3272.7099609375,2020-10-16 00:00:00,3.2455760965011615
45,Melissa Lomaestro,IVV,0.2,42487.31687,348.45001220703125,2020-10-16 00:00:00,121.93231563084636
46,Melissa Lomaestro,CLX,0.05,10621.82922,214.99000549316406,2020-10-16 00:00:00,49.40615353553139
47,Melissa Lomaestro,DDOG,0.05,10621.82922,112.36000061035156,2020-10-16 00:00:00,94.53390140887402
48,Melissa Lomaestro,DBX,0.05,10621.82922,20.31999969482422,2020-10-16 00:00:00,522.7278237954662
49,Melissa Lomaestro,DOCU,0.05,10621.82922,234.60000610351562,2020-10-16 00:00:00,45.276338208248774
50,Melissa Lomaestro,LVGO,0.05,10621.82922,141.9199981689453,2020-10-16 00:00:00,74.84378070069796
51,Melissa Lomaestro,DG,0.05,10621.82922,221.7100067138672,2020-10-16 00:00:00,47.908659502718066
52,Melissa Lomaestro,BIIB,0.05,10621.82922,280.010009765625,2020-10-16 00:00:00,37.93374825739523
53,Melissa Lomaestro,KL,0.05,10621.82922,49.84000015258789,2020-10-16 00:00:00,213.1185631516992
54,Melissa Lomaestro,DKNG,0.05,10621.82922,44.34000015258789,2020-10-16 00:00:00,239.55410878319674
55,Melissa Lomaestro,ZM,0.05,10621.82922,559.0,2020-10-16 00:00:00,19.001483398926656
56,Pete Lindner,ETTX,1.0,149115.8182,2.069999933242798,2020-10-16 00:00:00,72036.62947292939
57,Jennah Hebert v2,ZM,0.5,120730.5855,559.0,2020-10-16 00:00:00,215.97600268336316
58,Jennah Hebert v2,SQ,0.2,48292.234189999996,186.35000610351562,2020-10-16 00:00:00,259.14801506995457
59,Jennah Hebert v2,REGI,0.1,24146.1171,55.869998931884766,2020-10-16 00:00:00,432.1839549243291
60,Jennah Hebert v2,TGT,0.1,24146.1171,164.9199981689453,2020-10-16 00:00:00,146.41109245747464
61,Jennah Hebert v2,CRM,0.05,12073.05855,258.54998779296875,2020-10-16 00:00:00,46.695258634734024
62,Jennah Hebert v2,AAPL,0.05,12073.05855,119.0199966430664,2020-10-16 00:00:00,101.43722811727473
63,Danish Sharpe,AAPL,0.03,6528.486671,119.0199966430664,2020-10-16 00:00:00,54.852015250668565
64,Danish Sharpe,NTDOY,0.1,21761.62224,68.8499984741211,2020-10-16 00:00:00,316.07295166723384
65,Danish Sharpe,TWTR,0.1,21761.62224,45.810001373291016,2020-10-16 00:00:00,475.0408554383467
66,Danish Sharpe,NFLX,0.08,17409.29779,530.7899780273438,2020-10-16 00:00:00,32.79884419577937
67,Danish Sharpe,ZM,0.28,60932.54226,559.0,2020-10-16 00:00:00,109.00275896243292
68,Danish Sharpe,CRWD,0.08,17409.29779,145.33999633789062,2020-10-16 00:00:00,119.78325463505834
69,Danish Sharpe,CRM,0.07,15233.135569999999,258.54998779296875,2020-10-16 00:00:00,58.91756445255675
70,Danish Sharpe,DG,0.15,32642.43335,221.7100067138672,2020-10-16 00:00:00,147.23031149481415
71,Danish Sharpe,TSLA,0.05,10880.81112,439.6700134277344,2020-10-16 00:00:00,24.74767618371683
72,Danish Sharpe,SWKS,0.02,4352.324447,153.14999389648438,2020-10-16 00:00:00,28.418704671589996
73,Danish Sharpe,NIO,0.02,4352.324447,28.479999542236328,2020-10-16 00:00:00,152.82038332007093
74,Danish Sharpe,ARWR,0.02,4352.324447,49.380001068115234,2020-10-16 00:00:00,88.13941581322291
75,Joanne Manzi,AMZN,0.16,35471.37979,3272.7099609375,2020-10-16 00:00:00,10.838534490798223
76,Joanne Manzi,TSLA,0.2,44339.22474,439.6700134277344,2020-10-16 00:00:00,100.84659718847927
77,Joanne Manzi,GMBL,0.02,4433.922474,5.260000228881836,2020-10-16 00:00:00,842.9510040045298
78,Joanne Manzi,NEE,0.2,44339.22474,76.4000015258789,2020-10-16 00:00:00,580.3563331733836
79,Joanne Manzi,NIO,0.12,26603.53484,28.479999542236328,2020-10-16 00:00:00,934.1128956321261
80,Joanne Manzi,SBUX,0.1,22169.61237,88.5199966430664,2020-10-16 00:00:00,250.44750576972035
81,Joanne Manzi,DLTR,0.12,26603.53484,95.55999755859375,2020-10-16 00:00:00,278.39614398993393
82,Joanne Manzi,PAAS,0.08,17735.68989,32.880001068115234,2020-10-16 00:00:00,539.4066093020555
83,Estelle Genest,BRK-B,0.026890848999999998,5826.7722969999995,211.91000366210938,2020-10-16 00:00:00,27.496447531050922
84,Estelle Genest,BX,0.048847725,10584.439840000001,55.779998779296875,2020-10-16 00:00:00,189.75331788512852
85,Estelle Genest,RXL,0.293693488,63638.19478,136.9600067138672,2020-10-16 00:00:00,464.64801153924475
86,Estelle Genest,ROM,0.11127695800000001,24111.75255,62.56999969482422,2020-10-16 00:00:00,385.3564434649425
87,Estelle Genest,AMZN,0.10222797,22150.99653,3272.7099609375,2020-10-16 00:00:00,6.768395853708536
88,Estelle Genest,REGN,0.07975882,17282.328390000002,599.739990234375,2020-10-16 00:00:00,28.81636821190824
89,Estelle Genest,NEW,0.034977225,7578.947368000001,9.0,2020-10-16 00:00:00,842.1052631111112
90,Estelle Genest,WMT,0.148091663,32088.849260000003,144.7100067138672,2020-10-16 00:00:00,221.74589020266427
91,Estelle Genest,AAPL,0.15423530300000002,33420.06759,119.0199966430664,2020-10-16 00:00:00,280.79371981688683
92,Angela Calsolaro,GRUB,0.23427082100000002,48716.24337,84.33999633789062,2020-10-16 00:00:00,577.6173284953501
93,Angela Calsolaro,VXRT,0.049797115,10355.23068,6.079999923706055,2020-10-16 00:00:00,1703.1629621613524
94,Angela Calsolaro,DELL,0.101655353,21139.06844,70.1500015258789,2020-10-16 00:00:00,301.34095481383025
95,Angela Calsolaro,BA,0.079907357,16616.60735,167.35000610351562,2020-10-16 00:00:00,99.29254104551194
96,Angela Calsolaro,LOW,0.128100764,26638.34956,177.6999969482422,2020-10-16 00:00:00,149.90630285581165
97,Angela Calsolaro,UBER,0.131052494,27252.156939999997,33.720001220703125,2020-10-16 00:00:00,808.1896783345294
98,Angela Calsolaro,HDS,0.100890883,20980.09819,42.16999816894531,2020-10-16 00:00:00,497.5124282896008
99,Angela Calsolaro,MSFT,0.11596903199999999,24115.5751,219.66000366210938,2020-10-16 00:00:00,109.78591777270309
100,Angela Calsolaro,EXEL,0.05835618099999999,12135.07473,23.229999542236328,2020-10-16 00:00:00,522.3880744352252
101,Sherry A Rosekrans,BGSAX,0.5064145,110777.7069,54.27000045776367,2020-10-16 00:00:00,2041.2328351869867
102,Sherry A Rosekrans,TWCIX,0.24617937399999998,53851.512070000004,100.52999877929688,2020-10-16 00:00:00,535.6760442047292
103,Sherry A Rosekrans,TRBCX,0.247406126,54119.86283,160.9199981689453,2020-10-16 00:00:00,336.3153333694492
104,Kristen Kiefer,WMT,0.09952809900000001,21392.56618,144.7100067138672,2020-10-16 00:00:00,147.830593514512
105,Kristen Kiefer,AAPL,0.259142653,55700.11266,119.0199966430664,2020-10-16 00:00:00,467.9895331121642
106,Kristen Kiefer,AMZN,0.206113336,44301.99307,3272.7099609375,2020-10-16 00:00:00,13.536791710472643
107,Kristen Kiefer,GOOGL,0.20105340100000002,43214.410910000006,1567.699951171875,2020-10-16 00:00:00,27.56548590672386
108,Kristen Kiefer,ATVI,0.23416251100000002,50330.88178,80.62000274658203,2020-10-16 00:00:00,624.2976936903395
109,Sue Dymond,BKRRF,0.267410176,53684.211760000006,0.6800000071525574,2020-10-16 00:00:00,78947.36940488884
110,Sue Dymond,CHTR,0.101004817,20277.32852,633.9199829101562,2020-10-16 00:00:00,31.987205115245356
111,Sue Dymond,ADBE,0.160707855,32263.074780000003,502.82000732421875,2020-10-16 00:00:00,64.16426218139078
112,Sue Dymond,BLFE,0.122487783,24590.163930000002,3.05,2020-10-16,8062.348829508198
113,Sue Dymond,QCOM,0.34838937,69941.27524,129.02999877929688,2020-10-16 00:00:00,542.0543741896262
114,Linday Sheridan,VTI,0.061660762,12600.390809999999,177.5500030517578,2020-10-16 00:00:00,70.96812499815528
115,Linday Sheridan,VXUS,0.09765153800000001,19955.11399,53.349998474121094,2020-10-16 00:00:00,374.0415100420253
116,Linday Sheridan,AMZA,0.146806785,30000.0,14.9399995803833,2020-10-16 00:00:00,2008.0321849132422
117,Linday Sheridan,T,0.15717916699999998,32119.5986,27.329999923706055,2020-10-16 00:00:00,1175.25059237704
118,Linday Sheridan,VZ,0.160040075,32704.22575,58.04999923706055,2020-10-16 00:00:00,563.3802959487521
119,Linday Sheridan,AAPL,0.218057453,44560.09012,119.0199966430664,2020-10-16 00:00:00,374.3916264225158
120,Linday Sheridan,GOOGL,0.158604219,32410.80818,1567.699951171875,2020-10-16 00:00:00,20.6741144284482
121,Nori Lansing,Z,0.09030708300000001,20258.68318,97.11000061035156,2020-10-16 00:00:00,208.6158279545979
122,Nori Lansing,TWOU,0.097209201,21807.04246,35.599998474121094,2020-10-16 00:00:00,612.5573987272027
123,Nori Lansing,EGRX,0.103971904,23324.12685,46.45000076293945,2020-10-16 00:00:00,502.1340466502072
124,Nori Lansing,TDOC,0.09603698599999999,21544.078390000002,221.2899932861328,2020-10-16 00:00:00,97.35676733535365
125,Nori Lansing,MELI,0.113568876,25477.02559,1271.3800048828125,2020-10-16 00:00:00,20.038875467723205
126,Nori Lansing,ILMN,0.098449495,22085.279019999998,326.30999755859375,2020-10-16 00:00:00,67.68189508516134
127,Nori Lansing,NVTA,0.104822756,23514.99939,47.029998779296875,2020-10-16 00:00:00,500.0000000074753
128,Nori Lansing,PRLB,0.094060386,21100.665409999998,145.88999938964844,2020-10-16 00:00:00,144.63407703254256
129,Nori Lansing,DDD,0.113453427,25451.126930000002,6.769999980926514,2020-10-16 00:00:00,3759.3983754364604
130,Nori Lansing,V,0.088119885,19768.02664,200.25999450683594,2020-10-16 00:00:00,98.71181055747613
131,Rebecca Curtis,AAPL,0.158928244,33420.06759,119.0199966430664,2020-10-16 00:00:00,280.79371981688683
132,Rebecca Curtis,TGT,0.158098233,33245.52951,164.9199981689453,2020-10-16 00:00:00,201.5857984423637
133,Rebecca Curtis,DIS,0.140645624,29575.52501,126.80999755859375,2020-10-16 00:00:00,233.22707656653296
134,Rebecca Curtis,AMZN,0.158007714,33226.4948,3272.7099609375,2020-10-16 00:00:00,10.152593782090591
135,Rebecca Curtis,CRM,0.20257477699999998,42598.23529,258.54998779296875,2020-10-16 00:00:00,164.7582181442998
136,Rebecca Curtis,NTDOY,0.181745407,38218.15199,68.8499984741211,2020-10-16 00:00:00,555.0929969063862
137,Lindsey Pelerin,AMZN,0.522910181,110754.9827,3272.7099609375,2020-10-16 00:00:00,33.841979283820535
138,Lindsey Pelerin,SNOW,0.47708981899999997,101050.0018,242.52000427246094,2020-10-16 00:00:00,416.66666674834215
139,Eli Rabinowitz,TEVA,0.250952214,49630.80328,9.40999984741211,2020-10-16 00:00:00,5274.261858107172
140,Eli Rabinowitz,GTBIF,0.28473516600000004,56312.05562000001,15.880000114440918,2020-10-16 00:00:00,3546.09919484768
141,Eli Rabinowitz,PFE,0.261929605,51801.80133,37.95000076293945,2020-10-16 00:00:00,1365.0013251274477
142,Eli Rabinowitz,DKNG,0.202383015,40025.2759,44.34000015258789,2020-10-16 00:00:00,902.6900262124591
143,Alexandra Sautin,AZN,0.09031645599999999,18788.30755,53.029998779296875,2020-10-16 00:00:00,354.2958322174247
144,Alexandra Sautin,COST,0.054592345,11356.70968,381.5400085449219,2020-10-16 00:00:00,29.765449037208583
145,Alexandra Sautin,CVS,0.048086704,10003.35747,59.59000015258789,2020-10-16 00:00:00,167.8697339215491
146,Alexandra Sautin,DIS,0.14217121900000002,29575.52501,126.80999755859375,2020-10-16 00:00:00,233.22707656653296
147,Alexandra Sautin,MCD,0.050056499000000004,10413.128920000001,229.3699951171875,2020-10-16 00:00:00,45.39882784005739
148,Alexandra Sautin,V,0.04751301,9884.013320999999,200.25999450683594,2020-10-16 00:00:00,49.355905283731566
149,Alexandra Sautin,AAPL,0.107101435,22280.04506,119.0199966430664,2020-10-16 00:00:00,187.1958132112579
150,Alexandra Sautin,GOOGL,0.103867057,21607.20545,1567.699951171875,2020-10-16 00:00:00,13.782742950172544
151,Alexandra Sautin,MSFT,0.105386301,21923.2501,219.66000366210938,2020-10-16 00:00:00,99.80537983475273
152,Alexandra Sautin,AMZN,0.106481091,22150.99653,3272.7099609375,2020-10-16 00:00:00,6.768395853708536
153,Alexandra Sautin,PBFS,0.049787369000000005,10357.14252,9.279999732971191,2020-10-16 00:00:00,1116.0714243559507
154,Alexandra Sautin,AFL,0.09464051400000001,19687.8306,37.209999084472656,2020-10-16 00:00:00,529.1005397582911
155,Joseph Lindner,TDOC,0.188226649,43088.156780000005,221.2899932861328,2020-10-16 00:00:00,194.7135346707073
156,Joseph Lindner,TWOU,0.190524117,43614.084910000005,35.599998474121094,2020-10-16 00:00:00,1225.1147971735065
157,Joseph Lindner,V,0.08635480599999999,19768.02664,200.25999450683594,2020-10-16 00:00:00,98.71181055747613
158,Joseph Lindner,SPOT,0.098073921,22450.72371,262.54998779296875,2020-10-16 00:00:00,85.51028281785067
159,Joseph Lindner,EXAS,0.233041903,53347.10111,103.31999969482422,2020-10-16 00:00:00,516.3288934143542
160,Joseph Lindner,EGRX,0.20377860399999997,46648.253710000005,46.45000076293945,2020-10-16 00:00:00,1004.2680935156998
161,Nicholas Capullo,TSLA,0.464438429,99439.10879,439.6700134277344,2020-10-16 00:00:00,226.1675933156268
162,Nicholas Capullo,NIO,0.137061464,29345.69785,28.479999542236328,2020-10-16 00:00:00,1030.3967107330823
163,Nicholas Capullo,KO,0.138950942,29750.24659,50.029998779296875,2020-10-16 00:00:00,594.6481574233233
164,Nicholas Capullo,AMZN,0.103458027,22150.99653,3272.7099609375,2020-10-16 00:00:00,6.768395853708536
165,Nicholas Capullo,AAPL,0.15609113800000002,33420.06759,119.0199966430664,2020-10-16 00:00:00,280.79371981688683
166,Teresa Purcell,AAPL,0.11067526400000001,22280.04506,119.0199966430664,2020-10-16 00:00:00,187.1958132112579
167,Teresa Purcell,PBFS,0.051448706,10357.14252,9.279999732971191,2020-10-16 00:00:00,1116.0714243559507
168,Teresa Purcell,AMZN,0.11003422,22150.99653,3272.7099609375,2020-10-16 00:00:00,6.768395853708536
169,Teresa Purcell,VZ,0.047781464,9618.889926,58.04999923706055,2020-10-16 00:00:00,165.700087035644
170,Teresa Purcell,DELL,0.052503753,10569.53422,70.1500015258789,2020-10-16 00:00:00,150.67047740691513
171,Teresa Purcell,TSLA,0.098791987,19887.82176,439.6700134277344,2020-10-16 00:00:00,45.233518667674225
172,Teresa Purcell,ZM,0.06329202099999999,12741.32122,559.0,2020-10-16 00:00:00,22.79306121645796
173,Teresa Purcell,GLDM,0.242106193,48738.4146,18.93000030517578,2020-10-16 00:00:00,2574.665283374248
174,Teresa Purcell,SLV,0.223366393,44965.90414,22.420000076293945,2020-10-16 00:00:00,2005.6156996870502
175,Jacqueline Lorenz,PENN,0.188775183,40175.64034,70.91000366210938,2020-10-16 00:00:00,566.5722502489134
176,Jacqueline Lorenz,DOCU,0.113140321,24078.82637,234.60000610351562,2020-10-16 00:00:00,102.6377908932167
177,Jacqueline Lorenz,SNOW,0.18992337,40420.00071,242.52000427246094,2020-10-16 00:00:00,166.66666665810317
178,Jacqueline Lorenz,TSLA,0.093447849,19887.82176,439.6700134277344,2020-10-16 00:00:00,45.233518667674225
179,Jacqueline Lorenz,AMZN,0.208163872,44301.99307,3272.7099609375,2020-10-16 00:00:00,13.536791710472643
180,Jacqueline Lorenz,AAPL,0.104688302,22280.04506,119.0199966430664,2020-10-16 00:00:00,187.1958132112579
181,Jacqueline Lorenz,BIO,0.101861102,21678.35275,556.5700073242188,2020-10-16 00:00:00,38.94991189737557
182,Luke Scarchilli,KTOS,0.095569272,19818.87642,20.790000915527344,2020-10-16 00:00:00,953.2888671110138
183,Luke Scarchilli,ATVI,0.097080896,20132.35271,80.62000274658203,2020-10-16 00:00:00,249.71907745132805
184,Luke Scarchilli,HD,0.201625783,41812.56602,287.6600036621094,2020-10-16 00:00:00,145.35411766563763
185,Luke Scarchilli,AMZN,0.213630133,44301.99307,3272.7099609375,2020-10-16 00:00:00,13.536791710472643
186,Luke Scarchilli,STZ,0.09319214199999999,19325.91428,181.47999572753906,2020-10-16 00:00:00,106.49060356500411
187,Luke Scarchilli,MDT,0.09871033,20470.26,110.12999725341797,2020-10-16 00:00:00,185.8736085582231
188,Luke Scarchilli,MAA,0.100227209,20784.82592,119.44000244140625,2020-10-16 00:00:00,174.0189676419039
189,Luke Scarchilli,HON,0.099964234,20730.2909,174.86000061035156,2020-10-16 00:00:00,118.55364764749282
190,Claire Moylan,URBN,0.020240573,4390.867824,24.040000915527344,2020-10-16 00:00:00,182.6484050241427
191,Claire Moylan,LOW,0.081863157,17758.899709999998,177.6999969482422,2020-10-16 00:00:00,99.93753525596597
192,Claire Moylan,SFIX,0.021189003999999997,4596.6148729999995,32.59000015258789,2020-10-16 00:00:00,141.04372051176543
193,Claire Moylan,ETSY,0.121762013,26414.31702,147.58999633789062,2020-10-16 00:00:00,178.9709172397254
194,Claire Moylan,TGT,0.102167891,22163.68634,164.9199981689453,2020-10-16 00:00:00,134.39053229490912
195,Claire Moylan,SWK,0.040569249,8800.848394,176.3800048828125,2020-10-16 00:00:00,49.89708668988481
196,Claire Moylan,HELE,0.027500585,5965.811070000001,193.69000244140625,2020-10-16 00:00:00,30.800820872542126
197,Claire Moylan,MIK,0.09530675699999999,20675.273409999998,10.40999984741211,2020-10-16 00:00:00,1986.0973787756395
198,Claire Moylan,PBFS,0.047743295,10357.14252,9.279999732971191,2020-10-16 00:00:00,1116.0714243559507
199,Claire Moylan,SCHW,0.030160704,6542.881307,39.290000915527344,2020-10-16 00:00:00,166.527899072007
200,Claire Moylan,BXMT,0.027116792,5882.553425,23.040000915527344,2020-10-16 00:00:00,255.3191489257091
201,Claire Moylan,VDC,0.096529876,20940.60945,169.4199981689453,2020-10-16 00:00:00,123.6017570317647
202,Claire Moylan,IHE,0.093273011,20234.08472,169.4199981689453,2020-10-16 00:00:00,119.4315012317649
203,Claire Moylan,XLC,0.095395779,20694.58531,60.779998779296875,2020-10-16 00:00:00,340.48347689419614
204,Claire Moylan,IXN,0.099181315,21515.79654,273.1000061035156,2020-10-16 00:00:00,78.7835813223844
205,Giuseppe Tedesco,AMZN,0.258241651,55377.49133,3272.7099609375,2020-10-16 00:00:00,16.920989635799124
206,Giuseppe Tedesco,REGN,0.302222318,64808.731439999996,599.739990234375,2020-10-16 00:00:00,108.06138075713962
207,Giuseppe Tedesco,BRK-B,0.18114643800000002,38845.14864,211.91000366210938,2020-10-16 00:00:00,183.30965017554627
208,Giuseppe Tedesco,TGT,0.258389592,55409.21585,164.9199981689453,2020-10-16 00:00:00,335.97633073727286
209,Kelly Nicholson,QID,0.353147517,66923.07791,8.699999809265137,2020-10-16 00:00:00,7692.307974389807
210,Kelly Nicholson,UUP,0.372032098,70501.79295,25.290000915527344,2020-10-16 00:00:00,2787.733902639517
211,Kelly Nicholson,DUST,0.274820385,52079.72629,18.030000686645508,2020-10-16 00:00:00,2888.5038439612763
212,Sherlock Bacchus,CLKA,0.19877061899999998,40454.54502,0.8899999856948853,2020-10-16 00:00:00,45454.54569689044
213,Sherlock Bacchus,TSLA,0.195434883,39775.64351,439.6700134277344,2020-10-16 00:00:00,90.46703731260412
214,Sherlock Bacchus,VZ,0.094523505,19237.77985,58.04999923706055,2020-10-16 00:00:00,331.4001740368349
215,Sherlock Bacchus,TTWO,0.104301515,21227.83714,168.22000122070312,2020-10-16 00:00:00,126.19092251788341
216,Sherlock Bacchus,ATVI,0.148378391,30198.52907,80.62000274658203,2020-10-16 00:00:00,374.57861623901147
217,Sherlock Bacchus,CMCSA,0.14837998300000002,30198.853110000004,45.560001373291016,2020-10-16 00:00:00,662.8369666315178
218,Sherlock Bacchus,NVDA,0.055673528,11330.8861,552.4600219726562,2020-10-16 00:00:00,20.509875193396017
219,Sherlock Bacchus,AMD,0.054537575,11099.69276,83.16999816894531,2020-10-16 00:00:00,133.45789352373092
220,Philip Cortese,MOS,0.050082072000000005,9937.694269,19.139999389648438,2020-10-16 00:00:00,519.2107934117616
221,Philip Cortese,FTI,0.09333108,18519.516209999998,6.880000114440918,2020-10-16 00:00:00,2691.7901020274808
222,Philip Cortese,HD,0.105359447,20906.28301,287.6600036621094,2020-10-16 00:00:00,72.67705883281882
223,Philip Cortese,ALB,0.048060439,9536.545431,93.41999816894531,2020-10-16 00:00:00,102.08248360007076
224,Philip Cortese,PKB,0.11208267,22240.360080000002,39.5099983215332,2020-10-16 00:00:00,562.9046070568639
225,Philip Cortese,VOX,0.104705329,20776.487680000002,104.62000274658203,2020-10-16 00:00:00,198.59001275622484
226,Philip Cortese,QRTEB,0.068021405,13497.36336,7.679999828338623,2020-10-16 00:00:00,1757.4692267824983
227,Philip Cortese,EEM,0.103146672,20467.206159999998,45.560001373291016,2020-10-16 00:00:00,449.2362937460016
228,Philip Cortese,TSLA,0.10022680199999999,19887.82176,439.6700134277344,2020-10-16 00:00:00,45.233518667674225
229,Philip Cortese,XBI,0.104590055,20753.61407,120.62000274658203,2020-10-16 00:00:00,172.05781460312633
230,Philip Cortese,IP,0.055777244000000004,11067.77688,46.540000915527344,2020-10-16 00:00:00,237.8121328379134
231,Philip Cortese,XLK,0.054616784,10837.50899,121.12000274658203,2020-10-16 00:00:00,89.47745000200499
232,Peter Odell,AMZN,0.211924292,44301.99307,3272.7099609375,2020-10-16 00:00:00,13.536791710472643
233,Peter Odell,AAPL,0.15986919900000002,33420.06759,119.0199966430664,2020-10-16 00:00:00,280.79371981688683
234,Peter Odell,AMD,0.159290431,33299.07827,83.16999816894531,2020-10-16 00:00:00,400.3736804509571
235,Peter Odell,AZN,0.134814435,28182.461330000002,53.029998779296875,2020-10-16 00:00:00,531.4437484204233
236,Peter Odell,ATVI,0.144458555,30198.52907,80.62000274658203,2020-10-16 00:00:00,374.57861623901147
237,Peter Odell,NVAX,0.09450713,19756.36772,107.04000091552734,2020-10-16 00:00:00,184.56995096245478
238,Peter Odell,TSLA,0.095135958,19887.82176,439.6700134277344,2020-10-16 00:00:00,45.233518667674225
239,Bradley Bonfante,FB,0.14615633,31591.88936,265.92999267578125,2020-10-16 00:00:00,118.79776719475363
240,Bradley Bonfante,BABA,0.15657301699999998,33843.47051,307.30999755859375,2020-10-16 00:00:00,110.1281142132292
241,Bradley Bonfante,FROG,0.057262084000000005,12377.27722,80.18000030517578,2020-10-16 00:00:00,154.36863523185872
242,Bradley Bonfante,TSM,0.149984215,32419.29203,86.69999694824219,2020-10-16 00:00:00,373.924950070685
243,Bradley Bonfante,PENN,0.092934045,20087.82017,70.91000366210938,2020-10-16 00:00:00,283.2861251244567
244,Bradley Bonfante,CRM,0.098537977,21299.11765,258.54998779296875,2020-10-16 00:00:00,82.37910909148853
245,Bradley Bonfante,REGN,0.09994344,21602.910480000002,599.739990234375,2020-10-16 00:00:00,36.02046025237988
246,Bradley Bonfante,TGT,0.102537807,22163.68634,164.9199981689453,2020-10-16 00:00:00,134.39053229490912
247,Bradley Bonfante,TMUS,0.096071085,20765.89556,114.95999908447266,2020-10-16 00:00:00,180.63583616368345
248,Dan Cancelliere,LUV,0.199757348,39849.35825,39.68000030517578,2020-10-16 00:00:00,1004.2680933347202
249,Dan Cancelliere,JETS,0.19322112600000002,38545.45485,17.489999771118164,2020-10-16 00:00:00,2203.856795564482
250,Dan Cancelliere,NCLH,0.199895535,39876.92495,16.200000762939453,2020-10-16 00:00:00,2461.5384612342714
251,Dan Cancelliere,PFE,0.207738161,41441.44107,37.95000076293945,2020-10-16 00:00:00,1092.0010602600607
252,Dan Cancelliere,TSLA,0.19938783,39775.64351,439.6700134277344,2020-10-16 00:00:00,90.46703731260412
253,Joe Geis,AAPL,0.215107187,44560.09012,119.0199966430664,2020-10-16 00:00:00,374.3916264225158
254,Joe Geis,SNOW,0.341462665,70735.00125,242.52000427246094,2020-10-16 00:00:00,291.6666666826058
255,Joe Geis,INTC,0.10481031199999999,21711.76609,54.15999984741211,2020-10-16 00:00:00,400.88194518407926
256,Joe Geis,TSLA,0.192010985,39775.64351,439.6700134277344,2020-10-16 00:00:00,90.46703731260412
257,Joe Geis,MA,0.14660885199999998,30370.457319999998,339.3999938964844,2020-10-16 00:00:00,89.48278687731168
258,Jennah Hebert,TSLA,1.0,198878.2176,439.6700134277344,2020-10-16 00:00:00,452.33518667674224
259,Schuyler Bull,SQ,0.22472110399999998,51403.35512,186.35000610351562,2020-10-16 00:00:00,275.84305573591416
260,Schuyler Bull,TRBCX,0.189277533,43295.890269999996,160.9199981689453,2020-10-16 00:00:00,269.05226673284494
261,Schuyler Bull,AAPL,0.194804262,44560.09012,119.0199966430664,2020-10-16 00:00:00,374.3916264225158
262,Schuyler Bull,FB,0.18414788199999998,42122.51914,265.92999267578125,2020-10-16 00:00:00,158.3970229012689
263,Schuyler Bull,SHOP,0.20704921899999998,47361.03708,1067.2099609375,2020-10-16 00:00:00,44.37836865615017
264,Barbaranne Way,GM,0.053979492000000004,10619.047859999999,33.45000076293945,2020-10-16 00:00:00,317.4603174229297
265,Barbaranne Way,ORLY,0.10234698,20134.081309999998,467.010009765625,2020-10-16 00:00:00,43.11274038880782
266,Barbaranne Way,EWH,0.148036733,29122.340610000003,21.899999618530273,2020-10-16 00:00:00,1329.787265628931
267,Barbaranne Way,VXRT,0.10527687599999999,20710.46135,6.079999923706055,2020-10-16 00:00:00,3406.325922677968
268,Barbaranne Way,AZN,0.133708467,26303.630569999998,53.029998779296875,2020-10-16 00:00:00,496.01416510439446
269,Barbaranne Way,ORCL,0.061550535999999996,12108.452070000001,60.290000915527344,2020-10-16 00:00:00,200.83682013813902
270,Barbaranne Way,PKI,0.042668507,8393.908619,124.0199966430664,2020-10-16 00:00:00,67.68189684086141
271,Barbaranne Way,EPAM,0.169079554,33261.96318,350.57000732421875,2020-10-16 00:00:00,94.87966022500675
272,Barbaranne Way,CWH,0.18335285399999998,36069.86023,31.889999389648438,2020-10-16 00:00:00,1131.071211048952
